{
    "745305478292307989": {
        "743448933573066832": {
            "text": 0,
            "voice": 1,
            "msgs": 0,
            "id": "743448933573066832"
        },
        "664239876312530944": {
            "text": 2,
            "voice": 5,
            "msgs": 0,
            "id": "664239876312530944"
        },
        "778370948650106892": {
            "text": 1,
            "voice": 1,
            "msgs": 0,
            "id": "778370948650106892"
        },
        "480041132886196225": {
            "text": 2,
            "voice": 3,
            "msgs": 0,
            "id": "480041132886196225"
        },
        "628199969592967178": {
            "text": 0,
            "voice": 2,
            "msgs": 0,
            "id": "628199969592967178"
        }
    },
    "773970441688973353": {
        "751819451070152735": {
            "text": 6,
            "voice": 1,
            "msgs": 0,
            "id": "751819451070152735"
        },
        "695881504974307348": {
            "text": 8,
            "voice": 1,
            "msgs": 0,
            "id": "695881504974307348"
        },
        "738374803488243823": {
            "text": 0,
            "voice": 1,
            "msgs": 0,
            "id": "738374803488243823"
        }
    },
    "789240972465799178": {
        "751819451070152735": {
            "text": 2,
            "voice": 1,
            "msgs": 0,
            "id": "751819451070152735"
        }
    }
}